ID	setSize	enrichmentScore	NES	pvalue	p.adjust	qvalue	rank	leading_edge	celltype
SA_B_CELL_RECEPTOR_COMPLEXES	23	-0.999576393006849	-1.91238113658076	0.00747270240148806	0.19429026243869	0.19429026243869	7	tags=9%, list=0%, signal=9%	CD4 Memory
NABA_PROTEOGLYCANS	18	-0.849854528976835	-1.59723231046062	0.0838206627680312	0.883333333333333	0.883333333333333	222	tags=17%, list=1%, signal=16%	CD4 Memory
SA_CASPASE_CASCADE	19	-0.807065711809621	-1.52657635014967	0.101923076923077	0.883333333333333	0.883333333333333	838	tags=16%, list=5%, signal=15%	CD4 Memory
SA_MMP_CYTOKINE_CONNECTION	15	-0.695707747844217	-1.2929704011604	0.171483622350674	0.930688554491564	0.930688554491564	1193	tags=40%, list=7%, signal=37%	CD4 Memory
WNT_SIGNALING	69	-0.672157193517374	-1.25625710625895	0.233870967741935	0.930688554491564	0.930688554491564	869	tags=14%, list=5%, signal=14%	CD4 Memory
SIG_CHEMOTAXIS	42	-0.623382361584827	-1.21924428100403	0.236538461538462	0.930688554491564	0.930688554491564	84	tags=7%, list=0%, signal=7%	CD4 Memory
SIG_REGULATION_OF_THE_ACTIN_CYTOSKELETON_BY_RHO_GTPASES	31	-0.536324963413866	-1.05572657629667	0.329566854990584	0.930688554491564	0.930688554491564	41	tags=6%, list=0%, signal=6%	CD4 Memory
SA_PROGRAMMED_CELL_DEATH	12	-0.559738990040668	-1.0207912957345	0.429657794676806	0.930688554491564	0.930688554491564	1229	tags=33%, list=7%, signal=31%	CD4 Memory
SA_REG_CASCADE_OF_CYCLIN_EXPR	12	0.536219894774288	0.990208676873878	0.474789915966387	0.930688554491564	0.930688554491564	4840	tags=58%, list=29%, signal=42%	CD4 Memory
SIG_PIP3_SIGNALING_IN_B_LYMPHOCYTES	33	-0.480461260448157	-0.942715909547656	0.41793893129771	0.930688554491564	0.930688554491564	1973	tags=24%, list=12%, signal=21%	CD4 Memory
SIG_PIP3_SIGNALING_IN_CARDIAC_MYOCTES	63	-0.48663622394537	-0.918984856818522	0.412	0.930688554491564	0.930688554491564	1841	tags=21%, list=11%, signal=18%	CD4 Memory
SA_PTEN_PATHWAY	17	0.479426467402142	0.915238280407684	0.507070707070707	0.930688554491564	0.930688554491564	1157	tags=47%, list=7%, signal=44%	CD4 Memory
SA_TRKA_RECEPTOR	16	-0.483292843844761	-0.897194799801267	0.56140350877193	0.930688554491564	0.930688554491564	760	tags=31%, list=5%, signal=30%	CD4 Memory
SIG_BCR_SIGNALING_PATHWAY	43	-0.422774343179721	-0.827038597909279	0.547388781431335	0.930688554491564	0.930688554491564	365	tags=9%, list=2%, signal=9%	CD4 Memory
SIG_CD40PATHWAYMAP	32	-0.418607253569912	-0.819713412542241	0.568441064638783	0.930688554491564	0.930688554491564	1672	tags=19%, list=10%, signal=17%	CD4 Memory
SIG_INSULIN_RECEPTOR_PATHWAY_IN_CARDIAC_MYOCYTES	48	-0.392723982220563	-0.76501873984069	0.608527131782946	0.930688554491564	0.930688554491564	884	tags=15%, list=5%, signal=14%	CD4 Memory
NABA_SECRETED_FACTORS	183	-0.444787308726507	-0.700017938183407	0.578125	0.930688554491564	0.930688554491564	1703	tags=7%, list=10%, signal=6%	CD4 Memory
SIG_IL4RECEPTOR_IN_B_LYPHOCYTES	27	0.392800384246883	0.76985998425144	0.674180327868853	0.973816029143898	0.973816029143898	1073	tags=30%, list=6%, signal=28%	CD4 Memory
NABA_BASEMENT_MEMBRANES	30	-0.367534134453588	-0.72486808045566	0.728464419475655	0.974791265253693	0.974791265253693	5147	tags=27%, list=31%, signal=19%	CD4 Memory
SA_G1_AND_S_PHASES	15	-0.334760703664086	-0.622151589730767	0.89980732177264	0.974791265253693	0.974791265253693	2490	tags=33%, list=15%, signal=28%	CD4 Memory
NABA_ECM_AFFILIATED	101	-0.314594787380873	-0.555769495799675	0.860420650095602	0.974791265253693	0.974791265253693	2021	tags=8%, list=12%, signal=7%	CD4 Memory
NABA_ECM_REGULATORS	146	-0.325015299519386	-0.526194708865148	0.842718446601942	0.974791265253693	0.974791265253693	2311	tags=22%, list=14%, signal=19%	CD4 Memory
NABA_CORE_MATRISOME	166	-0.302551930581359	-0.484420545575145	0.88560157790927	0.974791265253693	0.974791265253693	2121	tags=5%, list=13%, signal=4%	CD4 Memory
NABA_MATRISOME_ASSOCIATED	430	-0.35604801898541	-0.468325356006599	0.831010452961672	0.974791265253693	0.974791265253693	2311	tags=9%, list=14%, signal=8%	CD4 Memory
NABA_COLLAGENS	30	-0.281253956399677	-0.554702261326258	0.947565543071161	0.985468164794008	0.985468164794007	6591	tags=47%, list=39%, signal=28%	CD4 Memory
NABA_ECM_GLYCOPROTEINS	118	-0.140425970528139	-0.240267663504315	1	1	1	2121	tags=13%, list=13%, signal=11%	CD4 Memory
NABA_ECM_AFFILIATED	20	-0.996767928147275	-2.01444490938095	0.104204753199269	0.46	0.46	32	tags=15%, list=0%, signal=15%	CD8 Naïve
NABA_CORE_MATRISOME	23	-0.996823099144247	-1.99971954313864	0.117957746478873	0.46	0.46	29	tags=9%, list=0%, signal=9%	CD8 Naïve
SIG_CD40PATHWAYMAP	25	-0.998209302171654	-1.99355011791798	0.0746003552397869	0.46	0.46	19	tags=12%, list=0%, signal=12%	CD8 Naïve
SIG_IL4RECEPTOR_IN_B_LYPHOCYTES	26	-0.997017288467871	-1.99306511215204	0.129432624113475	0.46	0.46	27	tags=8%, list=0%, signal=8%	CD8 Naïve
SA_PROGRAMMED_CELL_DEATH	11	-0.997194418305626	-1.95749655833934	0.0579439252336449	0.46	0.46	27	tags=18%, list=0%, signal=18%	CD8 Naïve
SA_G1_AND_S_PHASES	10	-0.892459706980663	-1.71264944577443	0.0863039399624766	0.46	0.46	44	tags=30%, list=0%, signal=30%	CD8 Naïve
SA_PTEN_PATHWAY	17	0.645260979312168	1.41980110913116	0.14	0.46	0.46	1235	tags=41%, list=13%, signal=36%	CD8 Naïve
SIG_BCR_SIGNALING_PATHWAY	38	-0.996681234203015	-1.90475149700392	0.184931506849315	0.472602739726027	0.472602739726027	27	tags=5%, list=0%, signal=5%	CD8 Naïve
SIG_REGULATION_OF_THE_ACTIN_CYTOSKELETON_BY_RHO_GTPASES	20	-0.751041257946149	-1.51783699703984	0.164533820840951	0.472602739726027	0.472602739726027	239	tags=20%, list=3%, signal=20%	CD8 Naïve
NABA_MATRISOME_ASSOCIATED	106	-0.996510630361263	-1.483445655931	0.311074918566775	0.512849584278156	0.512849584278156	32	tags=3%, list=0%, signal=3%	CD8 Naïve
NABA_MATRISOME	129	-0.996624313961388	-1.43577742809395	0.310452418096724	0.512849584278156	0.512849584278156	32	tags=3%, list=0%, signal=3%	CD8 Naïve
SIG_CHEMOTAXIS	32	-0.690121643414482	-1.3393333777594	0.236521739130435	0.512849584278156	0.512849584278156	239	tags=9%, list=3%, signal=9%	CD8 Naïve
NABA_SECRETED_FACTORS	46	-0.693109443501935	-1.28493209471866	0.279264214046823	0.512849584278156	0.512849584278156	1003	tags=26%, list=11%, signal=23%	CD8 Naïve
SIG_PIP3_SIGNALING_IN_B_LYMPHOCYTES	27	-0.537079302553461	-1.06320366214573	0.312169312169312	0.512849584278156	0.512849584278156	154	tags=11%, list=2%, signal=11%	CD8 Naïve
SA_MMP_CYTOKINE_CONNECTION	11	-0.536589100053878	-1.05332651017301	0.364485981308411	0.558878504672897	0.558878504672897	785	tags=45%, list=9%, signal=42%	CD8 Naïve
WNT_SIGNALING	39	0.38783801805656	0.868193721958284	0.438095238095238	0.629761904761905	0.629761904761905	981	tags=23%, list=11%, signal=21%	CD8 Naïve
SA_TRKA_RECEPTOR	14	0.402455827201154	0.889004791272236	0.534782608695652	0.679288148428626	0.679288148428626	1948	tags=43%, list=21%, signal=34%	CD8 Naïve
SIG_INSULIN_RECEPTOR_PATHWAY_IN_CARDIAC_MYOCYTES	42	0.345275082936701	0.768468547728395	0.561151079136691	0.679288148428626	0.679288148428626	1480	tags=33%, list=16%, signal=28%	CD8 Naïve
NABA_ECM_REGULATORS	40	-0.406702425519712	-0.760380345295673	0.506044905008636	0.679288148428626	0.679288148428626	838	tags=25%, list=9%, signal=23%	CD8 Naïve
SA_B_CELL_RECEPTOR_COMPLEXES	19	-0.356598150431284	-0.717536740221304	0.661172161172161	0.760347985347985	0.760347985347985	1357	tags=32%, list=15%, signal=27%	CD8 Naïve
NABA_ECM_GLYCOPROTEINS	18	-0.351370597680628	-0.707236964753901	0.701818181818182	0.768658008658009	0.768658008658009	2366	tags=44%, list=26%, signal=33%	CD8 Naïve
SA_CASPASE_CASCADE	19	0.303535254750112	0.675372381105708	0.741228070175439	0.774920255183413	0.774920255183413	542	tags=16%, list=6%, signal=15%	CD8 Naïve
SIG_PIP3_SIGNALING_IN_CARDIAC_MYOCTES	50	-0.268893703434785	-0.489534628774307	0.849087893864013	0.849087893864013	0.849087893864013	1215	tags=16%, list=13%, signal=14%	CD8 Naïve
SIG_REGULATION_OF_THE_ACTIN_CYTOSKELETON_BY_RHO_GTPASES	29	0.999184225298164	2.1178492878645	0.0603340631884677	0.301117036201092	0.292583355013206	9	tags=3%, list=0%, signal=3%	CD4 Naïve
NABA_PROTEOGLYCANS	17	-0.999160715568736	-1.88242090591999	0.0310965085843913	0.301117036201092	0.292583355013206	15	tags=12%, list=0%, signal=12%	CD4 Naïve
SA_MMP_CYTOKINE_CONNECTION	14	-0.999162800206299	-1.84271788910552	0.0345657328823496	0.301117036201092	0.292583355013206	14	tags=14%, list=0%, signal=14%	CD4 Naïve
SA_PTEN_PATHWAY	17	0.855326841955853	1.71044749362465	0.0604548847571995	0.301117036201092	0.292583355013206	1775	tags=59%, list=11%, signal=53%	CD4 Naïve
SA_TRKA_RECEPTOR	16	0.852163562164337	1.69235555184445	0.0694885468156365	0.301117036201092	0.292583355013206	1775	tags=62%, list=11%, signal=56%	CD4 Naïve
SA_B_CELL_RECEPTOR_COMPLEXES	24	0.791563187384563	1.65101477599781	0.0663900414937759	0.301117036201092	0.292583355013206	1635	tags=38%, list=10%, signal=34%	CD4 Naïve
NABA_CORE_MATRISOME	161	-0.998769928809922	-1.68188570206487	0.0986622073578595	0.320652173913044	0.311564865340609	15	tags=1%, list=0%, signal=1%	CD4 Naïve
NABA_SECRETED_FACTORS	169	-0.998780211942981	-1.65751417022883	0.0953177257525084	0.320652173913044	0.311564865340609	14	tags=1%, list=0%, signal=1%	CD4 Naïve
WNT_SIGNALING	68	-0.787945922034802	-1.52347024033501	0.17741935483871	0.362880475129918	0.352596413081702	717	tags=13%, list=4%, signal=13%	CD4 Naïve
SIG_INSULIN_RECEPTOR_PATHWAY_IN_CARDIAC_MYOCYTES	47	0.708169747411244	1.50113353649698	0.12636165577342	0.362880475129918	0.352596413081702	1775	tags=43%, list=11%, signal=38%	CD4 Naïve
NABA_MATRISOME_ASSOCIATED	400	-0.998152443369645	-1.36668159967207	0.147590361445783	0.362880475129918	0.352596413081702	14	tags=0%, list=0%, signal=1%	CD4 Naïve
SIG_IL4RECEPTOR_IN_B_LYPHOCYTES	27	0.621165679874572	1.30942740038989	0.16025641025641	0.362880475129918	0.352596413081702	1939	tags=52%, list=12%, signal=46%	CD4 Naïve
SA_PROGRAMMED_CELL_DEATH	12	-0.706414457003295	-1.27728493450823	0.195488721804511	0.362880475129918	0.352596413081702	527	tags=25%, list=3%, signal=24%	CD4 Naïve
SA_REG_CASCADE_OF_CYCLIN_EXPR	12	0.675274465373628	1.26902288867498	0.191489361702128	0.362880475129918	0.352596413081702	1619	tags=25%, list=10%, signal=23%	CD4 Naïve
SIG_PIP3_SIGNALING_IN_CARDIAC_MYOCTES	62	0.600054425966033	1.2625032009106	0.209354120267261	0.362880475129918	0.352596413081702	1789	tags=31%, list=11%, signal=27%	CD4 Naïve
SIG_CD40PATHWAYMAP	32	0.516001722073807	1.09048743022064	0.296137339055794	0.469289702636021	0.45598999446415	1900	tags=25%, list=11%, signal=22%	CD4 Naïve
SIG_BCR_SIGNALING_PATHWAY	44	0.510442974648187	1.06755863371126	0.306843267108168	0.469289702636021	0.45598999446415	1789	tags=36%, list=11%, signal=33%	CD4 Naïve
SIG_CHEMOTAXIS	40	0.412283961941583	0.882071947632388	0.467368421052632	0.675087719298246	0.65595567867036	1990	tags=40%, list=12%, signal=35%	CD4 Naïve
SIG_PIP3_SIGNALING_IN_B_LYMPHOCYTES	33	-0.457486091106916	-0.89479602182916	0.500934579439252	0.685489424495819	0.666062598700391	647	tags=15%, list=4%, signal=15%	CD4 Naïve
NABA_BASEMENT_MEMBRANES	27	-0.439922521979654	-0.857635409733877	0.539325842696629	0.701123595505618	0.681253696037847	5459	tags=44%, list=33%, signal=30%	CD4 Naïve
SA_CASPASE_CASCADE	19	0.435306992385253	0.883701788781904	0.576763485477178	0.714088124876507	0.693850809596606	86	tags=5%, list=1%, signal=5%	CD4 Naïve
NABA_ECM_AFFILIATED	96	0.345802911565583	0.719215152921042	0.65296803652968	0.771689497716895	0.749819754866619	2931	tags=12%, list=18%, signal=10%	CD4 Naïve
SA_G1_AND_S_PHASES	15	0.321623712015575	0.622103801735944	0.928416485900217	0.979020979020979	0.951275445202571	1619	tags=20%, list=10%, signal=18%	CD4 Naïve
NABA_COLLAGENS	30	-0.277909309272552	-0.54185846152697	0.959334565619224	0.979020979020979	0.951275445202571	1006	tags=33%, list=6%, signal=31%	CD4 Naïve
NABA_ECM_GLYCOPROTEINS	114	-0.280600172798864	-0.504001819997287	0.931578947368421	0.979020979020979	0.951275445202571	79	tags=6%, list=0%, signal=6%	CD4 Naïve
NABA_ECM_REGULATORS	135	-0.255252712353822	-0.450018837181912	0.979020979020979	0.979020979020979	0.951275445202571	1491	tags=13%, list=9%, signal=12%	CD4 Naïve
WNT_SIGNALING	64	-0.736923914858426	-1.74845122395602	0.047945205479452	0.762525458248473	0.762525458248473	207	tags=11%, list=1%, signal=11%	CD56 Dim NK cells
SIG_PIP3_SIGNALING_IN_B_LYMPHOCYTES	34	-0.620913066894752	-1.37077978132924	0.110266159695817	0.762525458248473	0.762525458248473	1741	tags=32%, list=11%, signal=29%	CD56 Dim NK cells
NABA_PROTEOGLYCANS	19	-0.646862809919361	-1.30876580255941	0.161616161616162	0.762525458248473	0.762525458248473	253	tags=11%, list=2%, signal=10%	CD56 Dim NK cells
SA_TRKA_RECEPTOR	16	-0.599190291462158	-1.19996732281468	0.256916996047431	0.762525458248473	0.762525458248473	1238	tags=31%, list=8%, signal=29%	CD56 Dim NK cells
NABA_ECM_AFFILIATED	82	-0.491309612085844	-1.17891289815615	0.216168717047452	0.762525458248473	0.762525458248473	1120	tags=12%, list=7%, signal=11%	CD56 Dim NK cells
SA_G1_AND_S_PHASES	15	-0.58957391061781	-1.17003816976573	0.285996055226824	0.762525458248473	0.762525458248473	2219	tags=27%, list=15%, signal=23%	CD56 Dim NK cells
SIG_REGULATION_OF_THE_ACTIN_CYTOSKELETON_BY_RHO_GTPASES	29	-0.528777522574269	-1.13887439296254	0.299242424242424	0.762525458248473	0.762525458248473	576	tags=21%, list=4%, signal=20%	CD56 Dim NK cells
SIG_IL4RECEPTOR_IN_B_LYPHOCYTES	26	-0.526892742358509	-1.11822650185365	0.303326810176125	0.762525458248473	0.762525458248473	1238	tags=31%, list=8%, signal=28%	CD56 Dim NK cells
SIG_BCR_SIGNALING_PATHWAY	43	-0.481731025790932	-1.09115983126301	0.315978456014363	0.762525458248473	0.762525458248473	2072	tags=35%, list=14%, signal=30%	CD56 Dim NK cells
NABA_COLLAGENS	20	-0.520617371563997	-1.06124159619684	0.383233532934132	0.762525458248473	0.762525458248473	6710	tags=70%, list=44%, signal=39%	CD56 Dim NK cells
SA_MMP_CYTOKINE_CONNECTION	13	-0.534794947765699	-1.05080996218115	0.406374501992032	0.762525458248473	0.762525458248473	1988	tags=31%, list=13%, signal=27%	CD56 Dim NK cells
NABA_SECRETED_FACTORS	138	-0.420503174740175	-1.03245877568897	0.321608040201005	0.762525458248473	0.762525458248473	1552	tags=7%, list=10%, signal=7%	CD56 Dim NK cells
NABA_MATRISOME_ASSOCIATED	343	-0.419040748129252	-1.02769086009145	0.266447368421053	0.762525458248473	0.762525458248473	1742	tags=9%, list=11%, signal=8%	CD56 Dim NK cells
SA_B_CELL_RECEPTOR_COMPLEXES	24	0.456227835597711	1.00972804686931	0.423625254582485	0.762525458248473	0.762525458248473	2834	tags=38%, list=19%, signal=31%	CD56 Dim NK cells
NABA_MATRISOME	477	-0.375614611863049	-0.908461301821511	0.351351351351351	0.762525458248473	0.762525458248473	1742	tags=8%, list=11%, signal=7%	CD56 Dim NK cells
NABA_ECM_REGULATORS	123	-0.374950128846857	-0.918961962760767	0.466216216216216	0.786739864864865	0.786739864864865	1704	tags=10%, list=11%, signal=9%	CD56 Dim NK cells
SIG_CD40PATHWAYMAP	33	-0.4356662479583	-0.953672937950567	0.496153846153846	0.788009049773756	0.788009049773756	1124	tags=15%, list=7%, signal=14%	CD56 Dim NK cells
NABA_BASEMENT_MEMBRANES	20	-0.4306125349016	-0.877773118688889	0.606786427145709	0.797508059597456	0.797508059597456	4152	tags=35%, list=27%, signal=26%	CD56 Dim NK cells
SA_CASPASE_CASCADE	19	0.397783050710129	0.843675923025408	0.658777120315582	0.797508059597456	0.797508059597456	868	tags=32%, list=6%, signal=30%	CD56 Dim NK cells
SIG_CHEMOTAXIS	40	0.357540834052267	0.832970992219896	0.657952069716776	0.797508059597456	0.797508059597456	1348	tags=25%, list=9%, signal=23%	CD56 Dim NK cells
SA_PTEN_PATHWAY	17	0.399069283132455	0.831771436278247	0.67935871743487	0.797508059597456	0.797508059597456	1213	tags=35%, list=8%, signal=33%	CD56 Dim NK cells
SIG_INSULIN_RECEPTOR_PATHWAY_IN_CARDIAC_MYOCYTES	44	-0.360312046923799	-0.821984548304254	0.663120567375887	0.797508059597456	0.797508059597456	1238	tags=20%, list=8%, signal=19%	CD56 Dim NK cells
SIG_PIP3_SIGNALING_IN_CARDIAC_MYOCTES	58	0.338294576159151	0.803512949049621	0.678082191780822	0.797508059597456	0.797508059597456	2123	tags=29%, list=14%, signal=25%	CD56 Dim NK cells
SA_PROGRAMMED_CELL_DEATH	12	-0.39975584636288	-0.778443990624075	0.728370221327968	0.819416498993964	0.819416498993964	2007	tags=50%, list=13%, signal=43%	CD56 Dim NK cells
SA_REG_CASCADE_OF_CYCLIN_EXPR	12	-0.324184890431296	-0.631284775703532	0.895372233400402	0.967002012072435	0.967002012072435	1194	tags=17%, list=8%, signal=15%	CD56 Dim NK cells
NABA_ECM_GLYCOPROTEINS	95	0.24313959102646	0.587947658797779	0.985815602836879	1	1	665	tags=2%, list=4%, signal=2%	CD56 Dim NK cells
NABA_CORE_MATRISOME	134	-0.187104501457177	-0.460995163417018	1	1	1	768	tags=12%, list=5%, signal=11%	CD56 Dim NK cells
NABA_ECM_REGULATORS	55	-0.837854128669294	-1.87170502440766	0.00290308904573686	0.0667710480519477	0.0611176641207759	241	tags=13%, list=2%, signal=12%	CD8 Effector
NABA_MATRISOME_ASSOCIATED	133	-0.692187260928834	-1.66055158658528	0.00766702981536438	0.0881708428766904	0.0807055770038356	470	tags=8%, list=5%, signal=7%	CD8 Effector
NABA_MATRISOME	164	-0.685230460491957	-1.67670502762132	0.0134110596516039	0.10281812399563	0.0941126993095013	502	tags=9%, list=5%, signal=8%	CD8 Effector
SA_B_CELL_RECEPTOR_COMPLEXES	21	-0.773420462903568	-1.61558566478526	0.0830388692579505	0.477473498233215	0.437046680305003	20	tags=14%, list=0%, signal=14%	CD8 Effector
NABA_CORE_MATRISOME	31	-0.64838004791531	-1.4078652269459	0.207191780821918	0.837280701754386	0.766389658356417	502	tags=10%, list=5%, signal=9%	CD8 Effector
SIG_INSULIN_RECEPTOR_PATHWAY_IN_CARDIAC_MYOCYTES	43	0.478479253495102	1.23399692160238	0.236559139784946	0.837280701754386	0.766389658356417	1767	tags=44%, list=17%, signal=37%	CD8 Effector
NABA_SECRETED_FACTORS	52	-0.552229631866299	-1.22792719111973	0.285276073619632	0.837280701754386	0.766389658356417	7	tags=6%, list=0%, signal=6%	CD8 Effector
WNT_SIGNALING	46	-0.537520054206559	-1.20888268326757	0.295208655332303	0.837280701754386	0.766389658356417	1693	tags=30%, list=16%, signal=26%	CD8 Effector
SIG_CHEMOTAXIS	33	-0.500924158897284	-1.09068024977123	0.366500829187396	0.837280701754386	0.766389658356417	349	tags=6%, list=3%, signal=6%	CD8 Effector
SIG_PIP3_SIGNALING_IN_CARDIAC_MYOCTES	52	0.403828374491779	1.0482171193697	0.351428571428571	0.837280701754386	0.766389658356417	1732	tags=35%, list=17%, signal=29%	CD8 Effector
SIG_REGULATION_OF_THE_ACTIN_CYTOSKELETON_BY_RHO_GTPASES	20	-0.474263873441444	-0.992504715259766	0.436842105263158	0.837280701754386	0.766389658356417	349	tags=15%, list=3%, signal=15%	CD8 Effector
SIG_BCR_SIGNALING_PATHWAY	40	0.375642348962883	0.967269633031433	0.400523560209424	0.837280701754386	0.766389658356417	1767	tags=35%, list=17%, signal=29%	CD8 Effector
SA_PTEN_PATHWAY	17	0.381257735021377	0.896650200241779	0.49438202247191	0.838742054198729	0.767727280731102	1732	tags=35%, list=17%, signal=29%	CD8 Effector
SIG_IL4RECEPTOR_IN_B_LYPHOCYTES	26	0.351444307242829	0.863248036308842	0.510538641686183	0.838742054198729	0.767727280731102	1767	tags=38%, list=17%, signal=32%	CD8 Effector
SA_MMP_CYTOKINE_CONNECTION	10	-0.462275109223907	-0.893892521510644	0.558558558558559	0.843149038461539	0.771761133603239	1273	tags=50%, list=12%, signal=44%	CD8 Effector
SIG_CD40PATHWAYMAP	27	0.332038160168097	0.809032888423292	0.586538461538462	0.843149038461539	0.771761133603239	1676	tags=33%, list=16%, signal=28%	CD8 Effector
SA_G1_AND_S_PHASES	11	-0.385804803459302	-0.754990397220976	0.69009009009009	0.933651298357181	0.854600730761721	727	tags=45%, list=7%, signal=42%	CD8 Effector
NABA_ECM_AFFILIATED	26	-0.326106020231818	-0.696364224951756	0.737391304347826	0.942222222222222	0.862445969997457	1968	tags=35%, list=19%, signal=28%	CD8 Effector
SA_TRKA_RECEPTOR	14	-0.292018948290553	-0.592513304834163	0.856890459363958	0.971461187214612	0.889209324681567	798	tags=14%, list=8%, signal=13%	CD8 Effector
SIG_PIP3_SIGNALING_IN_B_LYMPHOCYTES	30	-0.267430748061689	-0.581354426210535	0.860780984719864	0.971461187214612	0.889209324681567	2550	tags=33%, list=24%, signal=25%	CD8 Effector
SA_PROGRAMMED_CELL_DEATH	12	-0.293077818555306	-0.57612598511888	0.888689407540395	0.971461187214612	0.889209324681567	2009	tags=33%, list=19%, signal=27%	CD8 Effector
SA_CASPASE_CASCADE	19	0.233673143241308	0.559467534637045	0.929223744292237	0.971461187214612	0.889209324681567	1650	tags=26%, list=16%, signal=22%	CD8 Effector
NABA_ECM_GLYCOPROTEINS	25	-0.210321396591285	-0.448813407394023	0.974182444061962	0.974182444061962	0.891700177631087	2350	tags=52%, list=23%, signal=40%	CD8 Effector
NABA_MATRISOME	98	-0.727510553713642	-1.74013744738696	0.00161532297048336	0.0323064594096672	0.0255050995339478	336	tags=12%, list=5%, signal=12%	NK T cells
NABA_SECRETED_FACTORS	30	-0.827408570757849	-1.79146081173687	0.00399812805765204	0.0399812805765204	0.0315641688762003	313	tags=27%, list=4%, signal=26%	NK T cells
NABA_MATRISOME_ASSOCIATED	82	-0.700182337223893	-1.63236483258077	0.0060176269800697	0.0401175132004647	0.0316717209477353	336	tags=12%, list=5%, signal=12%	NK T cells
NABA_ECM_GLYCOPROTEINS	12	-0.882706800162071	-1.80532049926366	0.0280399429079283	0.112159771631713	0.0885471881303	9	tags=17%, list=0%, signal=17%	NK T cells
NABA_CORE_MATRISOME	16	-0.848718888279602	-1.77908724415453	0.0256283459051926	0.112159771631713	0.0885471881303	107	tags=31%, list=1%, signal=31%	NK T cells
SIG_CD40PATHWAYMAP	22	-0.762485483841482	-1.63842863098159	0.064891846921797	0.21630615640599	0.170768018215255	3	tags=14%, list=0%, signal=14%	NK T cells
NABA_ECM_REGULATORS	32	-0.670624090718727	-1.45855946912362	0.14975845410628	0.388795986622074	0.306944199964795	10	tags=25%, list=0%, signal=25%	NK T cells
SA_B_CELL_RECEPTOR_COMPLEXES	19	0.537899179979294	1.36627087615453	0.177458033573141	0.388795986622074	0.306944199964795	1306	tags=47%, list=18%, signal=39%	NK T cells
WNT_SIGNALING	36	-0.625160208484234	-1.36407182899594	0.20450885668277	0.388795986622074	0.306944199964795	1033	tags=33%, list=14%, signal=29%	NK T cells
SIG_PIP3_SIGNALING_IN_CARDIAC_MYOCTES	43	-0.609953960605295	-1.35995800618086	0.195384615384615	0.388795986622074	0.306944199964795	17	tags=5%, list=0%, signal=5%	NK T cells
SIG_INSULIN_RECEPTOR_PATHWAY_IN_CARDIAC_MYOCYTES	39	-0.599820852891455	-1.31777165876585	0.228125	0.388795986622074	0.306944199964795	17	tags=8%, list=0%, signal=8%	NK T cells
SA_PTEN_PATHWAY	15	0.509377207072849	1.22813249813858	0.234338747099768	0.388795986622074	0.306944199964795	1306	tags=40%, list=18%, signal=33%	NK T cells
SIG_BCR_SIGNALING_PATHWAY	38	0.415349192695292	1.18866666624126	0.252717391304348	0.388795986622074	0.306944199964795	900	tags=32%, list=12%, signal=28%	NK T cells
SIG_REGULATION_OF_THE_ACTIN_CYTOSKELETON_BY_RHO_GTPASES	19	-0.596863109836002	-1.25691937682482	0.304273504273504	0.434676434676435	0.343165606323501	369	tags=21%, list=5%, signal=20%	NK T cells
SIG_CHEMOTAXIS	31	-0.486873393362056	-1.05986398631459	0.438906752411576	0.585209003215434	0.462007107801659	343	tags=10%, list=5%, signal=9%	NK T cells
SA_TRKA_RECEPTOR	13	0.391001053718897	0.908797727026209	0.520190023752969	0.588940706195869	0.464953189102002	1306	tags=31%, list=18%, signal=25%	NK T cells
SA_CASPASE_CASCADE	17	0.36522523921668	0.895855805662323	0.516431924882629	0.588940706195869	0.464953189102002	1723	tags=41%, list=24%, signal=31%	NK T cells
NABA_ECM_AFFILIATED	20	0.343182790793668	0.881219202413889	0.539951573849879	0.588940706195869	0.464953189102002	399	tags=15%, list=6%, signal=14%	NK T cells
SIG_PIP3_SIGNALING_IN_B_LYMPHOCYTES	29	0.312735987154105	0.857456136407854	0.559493670886076	0.588940706195869	0.464953189102002	1225	tags=28%, list=17%, signal=23%	NK T cells
SIG_IL4RECEPTOR_IN_B_LYPHOCYTES	24	-0.352549992961372	-0.758498626979395	0.625827814569536	0.625827814569536	0.494074590449634	804	tags=21%, list=11%, signal=19%	NK T cells
WNT_SIGNALING	64	-0.694054336882597	-1.77568554373645	0.0464186688814067	0.313326014949495	0.280955101124304	200	tags=11%, list=1%, signal=11%	CD56 Bright NK cells
SIG_REGULATION_OF_THE_ACTIN_CYTOSKELETON_BY_RHO_GTPASES	27	0.774717540395748	1.76524013120838	0.0290274028935106	0.313326014949495	0.280955101124304	2233	tags=52%, list=15%, signal=44%	CD56 Bright NK cells
NABA_PROTEOGLYCANS	17	0.794178225559321	1.69217965398167	0.0228566503513546	0.313326014949495	0.280955101124304	17	tags=6%, list=0%, signal=6%	CD56 Bright NK cells
SA_TRKA_RECEPTOR	16	0.754852606646137	1.58649277086447	0.0391448769879333	0.313326014949495	0.280955101124304	1820	tags=25%, list=12%, signal=22%	CD56 Bright NK cells
SA_PTEN_PATHWAY	17	0.674768437228345	1.43774959307485	0.0866013071895425	0.467647058823529	0.419332645338837	3408	tags=53%, list=23%, signal=41%	CD56 Bright NK cells
SA_CASPASE_CASCADE	19	0.623159668095179	1.34214697332058	0.127090301003344	0.515016233766234	0.461807928913192	637	tags=26%, list=4%, signal=25%	CD56 Bright NK cells
SIG_BCR_SIGNALING_PATHWAY	43	0.522672018143581	1.25986720399585	0.152597402597403	0.515016233766234	0.461807928913192	1820	tags=30%, list=12%, signal=27%	CD56 Bright NK cells
NABA_ECM_AFFILIATED	81	0.473288093698722	1.2283949928347	0.151273885350318	0.515016233766234	0.461807928913192	701	tags=5%, list=5%, signal=5%	CD56 Bright NK cells
SIG_CHEMOTAXIS	38	0.512501038400699	1.21393040716835	0.196747967479675	0.585989010989011	0.525448235974552	1750	tags=26%, list=12%, signal=23%	CD56 Bright NK cells
NABA_SECRETED_FACTORS	141	-0.44021523858641	-1.15264135950884	0.217032967032967	0.585989010989011	0.525448235974552	1374	tags=11%, list=9%, signal=10%	CD56 Bright NK cells
NABA_COLLAGENS	23	-0.511967135422406	-1.16912087107078	0.254854368932039	0.625551632833186	0.560923491429368	2476	tags=35%, list=17%, signal=29%	CD56 Bright NK cells
SA_MMP_CYTOKINE_CONNECTION	15	0.519191172863652	1.08211513063988	0.378912685337727	0.788526727509778	0.707061003225142	946	tags=20%, list=6%, signal=19%	CD56 Bright NK cells
SA_B_CELL_RECEPTOR_COMPLEXES	23	0.48591954284083	1.06626098088571	0.379661016949153	0.788526727509778	0.707061003225142	1820	tags=35%, list=12%, signal=31%	CD56 Bright NK cells
SIG_CD40PATHWAYMAP	32	-0.424969207523092	-0.990276118800632	0.424623115577889	0.818916008614501	0.734310650999358	926	tags=19%, list=6%, signal=18%	CD56 Bright NK cells
SIG_INSULIN_RECEPTOR_PATHWAY_IN_CARDIAC_MYOCYTES	46	0.393347927994385	0.955059351832381	0.502392344497608	0.898514851485148	0.805685831741069	1966	tags=35%, list=13%, signal=30%	CD56 Bright NK cells
SA_PROGRAMMED_CELL_DEATH	12	-0.429941678633058	-0.911389699843827	0.543981481481482	0.898514851485148	0.805685831741069	3237	tags=50%, list=22%, signal=39%	CD56 Bright NK cells
NABA_CORE_MATRISOME	125	0.334323599578529	0.90616012253988	0.566929133858268	0.898514851485148	0.805685831741069	2085	tags=6%, list=14%, signal=5%	CD56 Bright NK cells
SIG_IL4RECEPTOR_IN_B_LYPHOCYTES	27	0.392348731098906	0.893989989191	0.599009900990099	0.898514851485148	0.805685831741069	1820	tags=30%, list=12%, signal=26%	CD56 Bright NK cells
NABA_BASEMENT_MEMBRANES	22	-0.351444611823412	-0.787325454698138	0.707616707616708	1	0.896686159844055	2476	tags=14%, list=17%, signal=11%	CD56 Bright NK cells
SIG_PIP3_SIGNALING_IN_CARDIAC_MYOCTES	59	-0.295329681511221	-0.75439008375835	0.76566757493188	1	0.896686159844055	1541	tags=24%, list=10%, signal=21%	CD56 Bright NK cells
SIG_PIP3_SIGNALING_IN_B_LYMPHOCYTES	33	0.312095113672071	0.720294836852814	0.855721393034826	1	0.896686159844055	3458	tags=42%, list=23%, signal=33%	CD56 Bright NK cells
SA_REG_CASCADE_OF_CYCLIN_EXPR	12	0.36562148828619	0.716393238935692	0.833333333333333	1	0.896686159844055	1274	tags=17%, list=9%, signal=15%	CD56 Bright NK cells
NABA_MATRISOME_ASSOCIATED	335	-0.273975155133391	-0.664216048963639	0.78448275862069	1	0.896686159844055	1044	tags=7%, list=7%, signal=7%	CD56 Bright NK cells
SA_G1_AND_S_PHASES	15	0.297953372082963	0.621004109869222	0.907742998352554	1	0.896686159844055	3327	tags=33%, list=22%, signal=26%	CD56 Bright NK cells
NABA_MATRISOME	460	0.209720901257561	0.598588358785933	1	1	0.896686159844055	1264	tags=4%, list=9%, signal=4%	CD56 Bright NK cells
NABA_ECM_REGULATORS	113	-0.194364606656495	-0.504278932452353	1	1	0.896686159844055	933	tags=5%, list=6%, signal=5%	CD56 Bright NK cells
NABA_ECM_GLYCOPROTEINS	85	0.165692642973369	0.437177811181715	1	1	0.896686159844055	3158	tags=9%, list=21%, signal=7%	CD56 Bright NK cells
SA_CASPASE_CASCADE	19	-0.853776924082821	-1.79278643715603	0.017824001542813	0.219375	0.213815789473684	49	tags=16%, list=0%, signal=16%	γδ T lymphocytes
SA_MMP_CYTOKINE_CONNECTION	12	-0.874519867680155	-1.72522635131231	0.0491447742239315	0.219375	0.213815789473684	405	tags=42%, list=3%, signal=41%	γδ T lymphocytes
NABA_PROTEOGLYCANS	14	-0.855317296799852	-1.7096224293561	0.0594971648690619	0.219375	0.213815789473684	29	tags=14%, list=0%, signal=14%	γδ T lymphocytes
SA_TRKA_RECEPTOR	16	-0.831537839571865	-1.70445790098574	0.0587846325399973	0.219375	0.213815789473684	10	tags=19%, list=0%, signal=19%	γδ T lymphocytes
SIG_INSULIN_RECEPTOR_PATHWAY_IN_CARDIAC_MYOCYTES	45	0.684413954589619	1.59666739135633	0.0640809443507589	0.219375	0.213815789473684	1937	tags=47%, list=13%, signal=41%	γδ T lymphocytes
SIG_IL4RECEPTOR_IN_B_LYPHOCYTES	26	0.703867298331197	1.53067709773344	0.050761421319797	0.219375	0.213815789473684	1937	tags=50%, list=13%, signal=43%	γδ T lymphocytes
SIG_PIP3_SIGNALING_IN_B_LYMPHOCYTES	32	0.684847249361485	1.51820034149748	0.0576271186440678	0.219375	0.213815789473684	1937	tags=44%, list=13%, signal=38%	γδ T lymphocytes
SIG_BCR_SIGNALING_PATHWAY	41	0.644475327375232	1.48339248092049	0.065	0.219375	0.213815789473684	1937	tags=51%, list=13%, signal=44%	γδ T lymphocytes
SIG_PIP3_SIGNALING_IN_CARDIAC_MYOCTES	59	0.63277235931263	1.48589274609055	0.0843170320404722	0.252951096121417	0.246541029358106	1937	tags=37%, list=13%, signal=32%	γδ T lymphocytes
WNT_SIGNALING	61	-0.55199720791593	-1.27412028744883	0.192214111922141	0.401647405950332	0.391469206579271	749	tags=18%, list=5%, signal=17%	γδ T lymphocytes
NABA_CORE_MATRISOME	113	-0.52249285506298	-1.24344854934278	0.195754716981132	0.401647405950332	0.391469206579271	29	tags=2%, list=0%, signal=2%	γδ T lymphocytes
SIG_REGULATION_OF_THE_ACTIN_CYTOSKELETON_BY_RHO_GTPASES	26	-0.566294192755127	-1.2411860394499	0.194647201946472	0.401647405950332	0.391469206579271	399	tags=15%, list=3%, signal=15%	γδ T lymphocytes
SA_PTEN_PATHWAY	17	0.582762626369053	1.21705574205641	0.208261617900172	0.401647405950332	0.391469206579271	1937	tags=53%, list=13%, signal=46%	γδ T lymphocytes
SIG_CHEMOTAXIS	39	0.52962156196406	1.2047044231414	0.16750418760469	0.401647405950332	0.391469206579271	1340	tags=38%, list=9%, signal=35%	γδ T lymphocytes
SIG_CD40PATHWAYMAP	32	0.484971393045686	1.07510650765545	0.338983050847458	0.610169491525424	0.594707106749926	1432	tags=31%, list=10%, signal=28%	γδ T lymphocytes
SA_PROGRAMMED_CELL_DEATH	12	0.403461742707625	0.79140971297318	0.707979626485569	1	0.974658869395712	2713	tags=58%, list=19%, signal=47%	γδ T lymphocytes
NABA_ECM_REGULATORS	106	0.326101539158581	0.76258016963174	0.63855421686747	1	0.974658869395712	118	tags=3%, list=1%, signal=3%	γδ T lymphocytes
NABA_MATRISOME	404	-0.312605379571623	-0.710255639365018	0.68384074941452	1	0.974658869395712	1339	tags=7%, list=9%, signal=7%	γδ T lymphocytes
NABA_ECM_AFFILIATED	61	-0.304036903345139	-0.701778163240562	0.812652068126521	1	0.974658869395712	1189	tags=10%, list=8%, signal=9%	γδ T lymphocytes
SA_B_CELL_RECEPTOR_COMPLEXES	23	0.317031932750123	0.678489021501277	0.885572139303483	1	0.974658869395712	2922	tags=30%, list=20%, signal=24%	γδ T lymphocytes
NABA_MATRISOME_ASSOCIATED	291	-0.27748031200203	-0.64832551888611	0.874125874125874	1	0.974658869395712	1339	tags=9%, list=9%, signal=9%	γδ T lymphocytes
SA_REG_CASCADE_OF_CYCLIN_EXPR	12	-0.320259594159495	-0.631798443379246	0.878934624697337	1	0.974658869395712	1294	tags=33%, list=9%, signal=30%	γδ T lymphocytes
SA_G1_AND_S_PHASES	15	0.300612528181909	0.622860461627435	0.916808149405772	1	0.974658869395712	3071	tags=33%, list=21%, signal=26%	γδ T lymphocytes
NABA_SECRETED_FACTORS	124	0.272990865488112	0.616750275197431	0.922279792746114	1	0.974658869395712	763	tags=4%, list=5%, signal=4%	γδ T lymphocytes
NABA_BASEMENT_MEMBRANES	18	-0.271241830065359	-0.571963055226163	0.951100244498778	1	0.974658869395712	10500	tags=39%, list=73%, signal=11%	γδ T lymphocytes
NABA_COLLAGENS	14	-0.27116641178924	-0.542011931031228	0.981042654028436	1	0.974658869395712	10500	tags=36%, list=73%, signal=10%	γδ T lymphocytes
NABA_ECM_GLYCOPROTEINS	85	0.157758798048434	0.369183922325947	1	1	0.974658869395712	7276	tags=51%, list=51%, signal=25%	γδ T lymphocytes
SA_MMP_CYTOKINE_CONNECTION	14	-0.999830503378441	-2.0444309067605	1.20905579053448e-05	0.00032644506344431	0.000305445673398185	4	tags=14%, list=0%, signal=14%	CD8 Terminally Exhausted
NABA_PROTEOGLYCANS	15	-0.823999122188767	-1.73150341716565	0.015062531041944	0.203344169066244	0.190263550003503	771	tags=13%, list=5%, signal=13%	CD8 Terminally Exhausted
SA_TRKA_RECEPTOR	16	0.80975023994575	1.63588997280514	0.0293429142326462	0.264086228093816	0.24709822511702	949	tags=31%, list=6%, signal=29%	CD8 Terminally Exhausted
SA_PTEN_PATHWAY	17	0.748473160704978	1.52846168009858	0.0603290676416819	0.331550802139037	0.310222972761672	1341	tags=29%, list=9%, signal=27%	CD8 Terminally Exhausted
SIG_CHEMOTAXIS	40	0.670526549613527	1.51913915117437	0.0689655172413793	0.331550802139037	0.310222972761672	1770	tags=30%, list=12%, signal=27%	CD8 Terminally Exhausted
SIG_IL4RECEPTOR_IN_B_LYPHOCYTES	27	0.655160145070895	1.4303521530589	0.092896174863388	0.331550802139037	0.310222972761672	949	tags=22%, list=6%, signal=21%	CD8 Terminally Exhausted
SA_G1_AND_S_PHASES	15	-0.673321742109179	-1.41487880984282	0.109207708779443	0.331550802139037	0.310222972761672	3151	tags=60%, list=21%, signal=48%	CD8 Terminally Exhausted
SIG_CD40PATHWAYMAP	33	0.638314972348798	1.41351087337907	0.100884955752212	0.331550802139037	0.310222972761672	1587	tags=27%, list=10%, signal=25%	CD8 Terminally Exhausted
SIG_INSULIN_RECEPTOR_PATHWAY_IN_CARDIAC_MYOCYTES	46	0.61586440757397	1.37670770407654	0.110516934046346	0.331550802139037	0.310222972761672	655	tags=20%, list=4%, signal=19%	CD8 Terminally Exhausted
SA_B_CELL_RECEPTOR_COMPLEXES	24	0.629832597304054	1.34896062992898	0.132727272727273	0.358363636363636	0.335311004784689	1885	tags=42%, list=12%, signal=37%	CD8 Terminally Exhausted
SA_REG_CASCADE_OF_CYCLIN_EXPR	12	-0.665791412016925	-1.30595505204217	0.164351851851852	0.36246476037052	0.339148313796977	3714	tags=50%, list=24%, signal=38%	CD8 Terminally Exhausted
SIG_REGULATION_OF_THE_ACTIN_CYTOSKELETON_BY_RHO_GTPASES	29	0.579695535335441	1.27093829073719	0.155234657039711	0.36246476037052	0.339148313796977	1334	tags=28%, list=9%, signal=25%	CD8 Terminally Exhausted
SIG_BCR_SIGNALING_PATHWAY	41	0.549079034045221	1.23074297617812	0.174520069808028	0.36246476037052	0.339148313796977	949	tags=27%, list=6%, signal=25%	CD8 Terminally Exhausted
SIG_PIP3_SIGNALING_IN_CARDIAC_MYOCTES	58	0.507365398341637	1.15204145729454	0.202090592334495	0.389746142359383	0.364674753084803	246	tags=9%, list=2%, signal=9%	CD8 Terminally Exhausted
NABA_SECRETED_FACTORS	143	-0.533568181446578	-1.11262706290071	0.236009732360097	0.424817518248175	0.397490075553848	1811	tags=10%, list=12%, signal=9%	CD8 Terminally Exhausted
NABA_BASEMENT_MEMBRANES	27	-0.491764526750941	-1.093932622269	0.286975717439294	0.484271523178808	0.453119553851516	2704	tags=19%, list=18%, signal=15%	CD8 Terminally Exhausted
SA_PROGRAMMED_CELL_DEATH	12	-0.570005686613337	-1.11807060393042	0.333333333333333	0.525	0.491228070175439	852	tags=33%, list=6%, signal=32%	CD8 Terminally Exhausted
NABA_CORE_MATRISOME	127	-0.406425111900571	-0.867188430406533	0.35	0.525	0.491228070175439	2108	tags=10%, list=14%, signal=9%	CD8 Terminally Exhausted
SIG_PIP3_SIGNALING_IN_B_LYMPHOCYTES	31	0.430789628224974	0.948475398617655	0.49288256227758	0.601413578924823	0.562726155719133	2032	tags=26%, list=13%, signal=22%	CD8 Terminally Exhausted
NABA_ECM_AFFILIATED	82	0.389681098399848	0.900386373195542	0.463667820069204	0.601413578924823	0.562726155719133	1172	tags=7%, list=8%, signal=7%	CD8 Terminally Exhausted
WNT_SIGNALING	63	0.388644038018154	0.893915748377488	0.504347826086956	0.601413578924823	0.562726155719133	3030	tags=35%, list=20%, signal=28%	CD8 Terminally Exhausted
NABA_ECM_REGULATORS	122	-0.369041095111793	-0.799885493771893	0.443396226415094	0.601413578924823	0.562726155719133	1590	tags=12%, list=10%, signal=11%	CD8 Terminally Exhausted
NABA_MATRISOME_ASSOCIATED	347	-0.386960237508802	-0.663895600555642	0.512315270935961	0.601413578924823	0.562726155719133	1941	tags=11%, list=13%, signal=10%	CD8 Terminally Exhausted
NABA_MATRISOME	474	-0.387737530853172	-0.627876611077327	0.567430025445293	0.638358778625954	0.597294763626624	1941	tags=11%, list=13%, signal=10%	CD8 Terminally Exhausted
NABA_ECM_GLYCOPROTEINS	90	-0.315976564941077	-0.699165785768552	0.700934579439252	0.757009345794392	0.708312838170192	2903	tags=11%, list=19%, signal=9%	CD8 Terminally Exhausted
NABA_COLLAGENS	22	-0.342517628623662	-0.739375869020337	0.77728285077951	0.80717834504026	0.755254591850536	10093	tags=100%, list=66%, signal=34%	CD8 Terminally Exhausted
SA_CASPASE_CASCADE	19	0.347170713531442	0.712835247961167	0.81283422459893	0.81283422459893	0.760546642899584	3263	tags=53%, list=21%, signal=41%	CD8 Terminally Exhausted
SIG_CD40PATHWAYMAP	32	-0.999805287112736	-2.10316695215235	0.0100461915821516	0.261200981135941	0.261200981135941	4	tags=6%, list=0%, signal=6%	Treg
NABA_PROTEOGLYCANS	16	-0.681933789499697	-1.33706980566216	0.129740518962076	0.880952380952381	0.880952380952381	641	tags=19%, list=4%, signal=18%	Treg
WNT_SIGNALING	67	-0.624940574716543	-1.31208129456294	0.181978798586572	0.880952380952381	0.880952380952381	1057	tags=13%, list=7%, signal=13%	Treg
SA_REG_CASCADE_OF_CYCLIN_EXPR	12	0.584470596241194	1.12085670916451	0.29938900203666	0.880952380952381	0.880952380952381	2804	tags=33%, list=17%, signal=28%	Treg
SIG_INSULIN_RECEPTOR_PATHWAY_IN_CARDIAC_MYOCYTES	47	0.490623071850522	1.09839205100213	0.265350877192982	0.880952380952381	0.880952380952381	2084	tags=40%, list=13%, signal=35%	Treg
SIG_BCR_SIGNALING_PATHWAY	44	0.493300874977499	1.08853166412249	0.278396436525612	0.880952380952381	0.880952380952381	2318	tags=45%, list=14%, signal=39%	Treg
SA_CASPASE_CASCADE	19	0.519117670021936	1.06898409416201	0.354564755838641	0.880952380952381	0.880952380952381	3011	tags=58%, list=19%, signal=47%	Treg
SA_B_CELL_RECEPTOR_COMPLEXES	24	-0.480601524745535	-1.00691931793621	0.406593406593407	0.880952380952381	0.880952380952381	2403	tags=42%, list=15%, signal=36%	Treg
SIG_PIP3_SIGNALING_IN_B_LYMPHOCYTES	34	0.45989204455783	1.00214222580875	0.389867841409692	0.880952380952381	0.880952380952381	1506	tags=26%, list=9%, signal=24%	Treg
SIG_REGULATION_OF_THE_ACTIN_CYTOSKELETON_BY_RHO_GTPASES	31	-0.471647573722603	-0.994297637341657	0.391941391941392	0.880952380952381	0.880952380952381	1612	tags=19%, list=10%, signal=17%	Treg
NABA_ECM_AFFILIATED	90	-0.469821368505714	-0.973106797763782	0.37261698440208	0.880952380952381	0.880952380952381	1826	tags=12%, list=11%, signal=11%	Treg
NABA_SECRETED_FACTORS	167	-0.468048915173396	-0.920671558541014	0.399673735725938	0.880952380952381	0.880952380952381	937	tags=5%, list=6%, signal=5%	Treg
SA_PROGRAMMED_CELL_DEATH	12	-0.508912929459691	-0.977669595000823	0.495107632093933	0.902994011976048	0.902994011976048	1341	tags=25%, list=8%, signal=23%	Treg
SA_G1_AND_S_PHASES	15	-0.423273246663295	-0.821778253225436	0.697813121272366	0.902994011976048	0.902994011976048	881	tags=27%, list=5%, signal=25%	Treg
SA_PTEN_PATHWAY	17	0.396745741993698	0.810839950452839	0.689024390243902	0.902994011976048	0.902994011976048	2084	tags=41%, list=13%, signal=36%	Treg
SIG_CHEMOTAXIS	42	-0.358964260702412	-0.75710336848693	0.712979890310786	0.902994011976048	0.902994011976048	467	tags=24%, list=3%, signal=23%	Treg
SIG_IL4RECEPTOR_IN_B_LYPHOCYTES	27	0.345163701150122	0.740479452115628	0.765726681127983	0.902994011976048	0.902994011976048	2318	tags=41%, list=14%, signal=35%	Treg
SA_MMP_CYTOKINE_CONNECTION	14	0.370237147523999	0.740176866743004	0.784274193548387	0.902994011976048	0.902994011976048	2342	tags=36%, list=15%, signal=31%	Treg
NABA_ECM_GLYCOPROTEINS	107	-0.343255268051533	-0.710387804390844	0.699664429530201	0.902994011976048	0.902994011976048	3258	tags=14%, list=20%, signal=11%	Treg
SIG_PIP3_SIGNALING_IN_CARDIAC_MYOCTES	63	-0.32717633373438	-0.686892946354086	0.8	0.902994011976048	0.902994011976048	715	tags=11%, list=4%, signal=11%	Treg
NABA_MATRISOME_ASSOCIATED	384	-0.398568960149213	-0.684608988458006	0.588957055214724	0.902994011976048	0.902994011976048	2879	tags=11%, list=18%, signal=9%	Treg
NABA_BASEMENT_MEMBRANES	29	-0.321322064021795	-0.683378128430647	0.85	0.902994011976048	0.902994011976048	5194	tags=28%, list=32%, signal=19%	Treg
SA_TRKA_RECEPTOR	16	0.329971334216032	0.676366372049875	0.868263473053892	0.902994011976048	0.902994011976048	2503	tags=38%, list=16%, signal=32%	Treg
NABA_CORE_MATRISOME	149	-0.333159129978815	-0.662628452823137	0.747474747474748	0.902994011976048	0.902994011976048	3258	tags=17%, list=20%, signal=14%	Treg
NABA_ECM_REGULATORS	127	-0.306098452641923	-0.619578911008865	0.847826086956522	0.902994011976048	0.902994011976048	3682	tags=18%, list=23%, signal=14%	Treg
NABA_COLLAGENS	26	0.199105701155136	0.42639175166302	1	1	1	12922	tags=100%, list=80%, signal=20%	Treg
NABA_CORE_MATRISOME	147	-0.957692208027957	-2.06372757569888	8.33205461210673e-11	2.16633419914775e-09	1.66641092242135e-09	70	tags=2%, list=0%, signal=2%	CD8 Memory
NABA_ECM_GLYCOPROTEINS	105	-0.96346316633926	-2.07892286104409	1.76058628461017e-08	2.28876216999322e-07	1.76058628461017e-07	2	tags=2%, list=0%, signal=2%	CD8 Memory
NABA_BASEMENT_MEMBRANES	26	-0.990716762294685	-2.03297891450681	5.75256665800803e-08	4.98555777027363e-07	3.83504443867202e-07	2	tags=8%, list=0%, signal=8%	CD8 Memory
NABA_PROTEOGLYCANS	18	-0.982564044385202	-1.97384382623764	0.000348442211624265	0.00226487437555772	0.00174221105812132	70	tags=11%, list=0%, signal=11%	CD8 Memory
SA_MMP_CYTOKINE_CONNECTION	14	-0.974542356257738	-1.88444729945926	0.00128229445441239	0.00666793116294444	0.00512917781764957	76	tags=21%, list=0%, signal=21%	CD8 Memory
NABA_MATRISOME_ASSOCIATED	379	-0.794361474609356	-1.7490085910951	0.00200553271782266	0.0086906417772315	0.00668510905940885	975	tags=8%, list=6%, signal=7%	CD8 Memory
NABA_SECRETED_FACTORS	159	-0.832135015977278	-1.7966845229634	0.0127347291189129	0.0473004224416766	0.0363849403397512	955	tags=9%, list=6%, signal=9%	CD8 Memory
NABA_ECM_REGULATORS	130	-0.777493301295263	-1.68077567200449	0.05858310626703	0.190395095367847	0.146457765667575	975	tags=8%, list=6%, signal=8%	CD8 Memory
NABA_ECM_AFFILIATED	90	-0.774551477143289	-1.65385558458771	0.076271186440678	0.220338983050847	0.169491525423729	416	tags=3%, list=3%, signal=3%	CD8 Memory
SIG_REGULATION_OF_THE_ACTIN_CYTOSKELETON_BY_RHO_GTPASES	29	-0.784423618111117	-1.62069012932967	0.0996884735202492	0.259190031152648	0.199376947040498	520	tags=14%, list=3%, signal=13%	CD8 Memory
WNT_SIGNALING	66	-0.718492056611156	-1.54637235041202	0.157287157287157	0.297142857142857	0.228571428571429	1530	tags=18%, list=10%, signal=17%	CD8 Memory
SIG_CHEMOTAXIS	40	-0.707584834088289	-1.49145803331505	0.144674085850556	0.297142857142857	0.228571428571429	218	tags=5%, list=1%, signal=5%	CD8 Memory
SA_TRKA_RECEPTOR	16	0.603136156319772	1.30589753271572	0.141057934508816	0.297142857142857	0.228571428571429	2059	tags=38%, list=13%, signal=33%	CD8 Memory
SA_PTEN_PATHWAY	17	0.596789531499884	1.29506945209801	0.161209068010076	0.297142857142857	0.228571428571429	2130	tags=53%, list=13%, signal=46%	CD8 Memory
SIG_BCR_SIGNALING_PATHWAY	43	0.524934862024561	1.22457966156081	0.171428571428571	0.297142857142857	0.228571428571429	2182	tags=47%, list=14%, signal=40%	CD8 Memory
SIG_IL4RECEPTOR_IN_B_LYPHOCYTES	27	0.518847248013637	1.18526685020864	0.208108108108108	0.338175675675676	0.260135135135135	2061	tags=44%, list=13%, signal=39%	CD8 Memory
NABA_COLLAGENS	24	-0.565498669847581	-1.15648579552073	0.244372990353698	0.357185990338164	0.27475845410628	1844	tags=25%, list=12%, signal=22%	CD8 Memory
SIG_PIP3_SIGNALING_IN_B_LYMPHOCYTES	32	0.474396904720595	1.08912855566948	0.247282608695652	0.357185990338164	0.27475845410628	2125	tags=31%, list=13%, signal=27%	CD8 Memory
SA_G1_AND_S_PHASES	15	-0.564100964681391	-1.10121981637348	0.333333333333333	0.456140350877193	0.350877192982456	1723	tags=33%, list=11%, signal=30%	CD8 Memory
SIG_INSULIN_RECEPTOR_PATHWAY_IN_CARDIAC_MYOCYTES	45	0.369763894433058	0.859524055057489	0.498533724340176	0.648093841642229	0.498533724340176	2061	tags=33%, list=13%, signal=29%	CD8 Memory
SIG_PIP3_SIGNALING_IN_CARDIAC_MYOCTES	59	0.337778442241199	0.774152962687019	0.607361963190184	0.751971954425942	0.578439964943033	2061	tags=25%, list=13%, signal=22%	CD8 Memory
SA_PROGRAMMED_CELL_DEATH	12	0.388236010482008	0.788872091460288	0.73696682464455	0.833092932206882	0.640840717082217	4134	tags=67%, list=26%, signal=49%	CD8 Memory
SIG_CD40PATHWAYMAP	32	0.330139510036225	0.757939953143154	0.730978260869565	0.833092932206882	0.640840717082217	1545	tags=25%, list=10%, signal=23%	CD8 Memory
SA_CASPASE_CASCADE	19	-0.364967782316628	-0.73463821483183	0.778512396694215	0.843388429752066	0.648760330578512	1820	tags=21%, list=11%, signal=19%	CD8 Memory
SA_REG_CASCADE_OF_CYCLIN_EXPR	12	0.315619422846374	0.641319577483777	0.902843601895735	0.902843601895735	0.694495078381334	331	tags=8%, list=2%, signal=8%	CD8 Memory
SA_B_CELL_RECEPTOR_COMPLEXES	24	-0.311187609359026	-0.636401231611677	0.895498392282958	0.902843601895735	0.694495078381334	1981	tags=25%, list=12%, signal=22%	CD8 Memory
